"","PC1","PC2","PC3","PC4","PC5","PC6","PC7","PC8","PC9","PC10","PC11","PC12","PC13","PC14","PC15","PC16","PC17","PC18","PC19","PC20","PC21","PC22","PC23","PC24","PC25","PC26","PC27","PC28","PC29","PC30","PC31","PC32","PC33","PC34","PC35","PC36","PC37","PC38","PC39","PC40","PC41","PC42","PC43","PC44","PC45","PC46","PC47","PC48","PC49","PC50","UMAP1","UMAP2","cluster"
"X1052_T4",-76.444796920652,-7.49335707887265,-8.435916294658,17.3899364458862,-116.262796365095,-16.486036137791,15.86441487852,-23.9648199107325,42.692432379321,-52.6581651513268,13.7309693966923,-43.5311378735504,48.7487972964094,18.2310329220759,-14.3518211705784,-22.1945584996992,6.31675178393174,0.296136040778659,10.2882607913287,-5.86342699566277,-3.04173241268414,-4.45692105640401,-3.14556664494819,-10.9298135908275,-23.1259436216287,8.16765902567831,1.58220369668214,3.15661281247836,-9.88654023622606,-1.30580619278482,-1.11436081377059,-3.64931968096923,-11.3474928986507,8.37160894700124,19.5163199949352,-0.649720308964475,-0.845593426929451,-5.76137900073415,-3.79982261674692,-4.14190827285733,11.9273959186188,6.85253024733634,1.919200354414,0.759368766741037,0.803434122392995,-4.14930953362405,-0.286645953944889,-5.76149400798742,0.684369959818627,3.31583153682164,-8.57383885762416,5.1708402261452,"3"
"X1014_T4",35.7958141819565,108.748628151142,-9.49703077982254,-18.4894799890335,1.99162214355769,26.2671679619988,74.1795618374457,4.95679357755701,-48.64248577548,-53.0337112063186,-29.5497865012464,16.4111277608822,-33.5235725953695,60.5439444237881,-22.6188027392028,22.626929820723,-30.5988336061448,0.474728648615205,17.0372146498338,-26.0011268154479,-27.0160684128106,-8.61442468794394,24.7788425354068,-14.9205335061993,-11.1850679562559,2.44854015894473,3.45490810903844,-12.5985883303114,-5.56898292497443,3.83896278737022,-0.871097316772274,2.49248166625132,-2.30775557768361,-2.14379504465964,-1.60373788602468,-4.27182976052146,2.78921966707044,-8.31554656069854,0.486564211184126,6.55811447444856,6.61331445341495,5.28183677072235,1.60756790260928,3.66823932603119,-9.81483284024571,10.9710214515635,-7.18188320749546,-5.48917139631014,-4.05397172791245,2.73131195040691,7.40038223145191,-7.67599223289884,"2"
"X1119_T4",34.4938105389164,105.198992104282,-11.0937213672452,-20.779825840743,-6.58499487228364,-11.7878582089956,28.1701316682231,-15.1743360479107,13.8054160547204,-11.6553968868258,1.99877886994026,-9.97464442806247,4.84666473915587,-11.7241166216963,6.79994967233647,-10.3208166322247,21.0851553401222,3.02916801959282,-3.46453321074371,16.0084415724929,25.0063961247764,30.2336679944369,-6.67965295904746,15.5616093747338,39.5992180047869,-26.960061714453,-12.7224920458075,-20.54505506921,15.3413723879496,10.8801379643349,-34.4075171722742,34.0258274195916,-22.6270248460392,1.67520505129351,-31.3169533833326,54.5275387641423,29.7169546440362,-19.9036371183153,-10.0736652921574,41.7442623919026,-10.4672657380509,-10.0751767035934,11.3394929914621,7.01652695008266,-8.16183679150392,27.7278793032935,7.355211909407,11.8469833302072,7.66001740261008,-15.9462418329094,7.0699498686661,-7.85632088812635,"2"
"X1065_T4",35.2324231978975,108.046079246681,-11.5271175499925,-17.5910615885565,-23.7563750005108,2.35173908783484,31.711449509368,-14.7582539587509,19.4948065603914,82.6826869399969,16.6478550009678,-8.57576113032446,4.01013154780644,-16.8939364179377,-52.1023130395888,12.0137007420463,-28.4361738150903,46.1982081584984,7.52246287408181,19.4109071786944,-20.0631057729447,-44.0384536444079,-18.5233156555225,-6.12094600228435,15.1394868854105,30.2366488724272,10.1106513773493,3.5421404988823,-9.10936021060228,-3.38503330009433,-20.7000066189432,19.1410859683409,6.17719338429455,-0.605681376027712,-0.401027300647137,-13.7019543388318,-12.0806648757662,8.7974710462908,-0.546199301192687,-3.48273179038284,-3.85054027049347,-6.42080659509014,6.94069281129666,5.15757802211683,-2.95585123668262,6.71118177019683,-3.85013356892519,6.26913746535911,-0.952845753565357,7.74601124892521,7.20167298738991,-7.65864898518293,"2"
"X1100_T4",55.8857219102468,-32.7342691373848,-0.377109562438369,71.0156984673392,-14.1877729695502,66.0040419389884,50.8061998662752,37.9924565535054,-24.9197471811333,5.21177121121995,3.93397414319782,-21.7679201553771,22.9191454997145,-24.8873076824386,80.2663689497758,-13.9776976075084,-9.61037440855066,-3.50794856441372,5.8941704330423,46.8184125995508,-4.6651513665776,-14.1344129415013,6.22310324332107,-6.66097529573952,19.8843614412773,1.12775669972458,19.2103426798676,2.91104653688636,-8.91195166056545,-3.75264237620684,-7.27599530354731,10.7701943711942,1.20792542529782,-6.30454848088998,13.4924138975159,0.701916345403358,5.07841906490622,4.71535293637284,7.76902876293441,-10.0456117669897,4.76160337050565,2.9869553094602,-2.66977137173559,-3.38119855398399,-2.60998627124607,2.06484303672549,-8.19870794764115,2.60826132812918,3.45418679721587,10.5148164615538,4.7724186093763,-0.539340681335427,"1"
"X1001_T4",-75.4798608982981,-8.22440155795743,-5.15518066061804,1.21178717604198,-38.1099811258198,-15.6194568303249,17.4960367066166,-40.004289897488,1.20049360857463,35.6481487307956,-13.4989362616792,31.2488399023831,-39.5024521166144,-25.5340517645452,60.6502585485232,31.7688247884225,-5.78341309584047,-10.1131710081077,62.0540359109331,-37.3706611745034,41.4360093451074,-16.4088076520153,0.978570143578183,22.0087156406198,-21.6878502438603,-4.02976035011744,6.87162506610708,-1.17715666573342,-6.08433904118904,9.82662900102723,4.99966664149326,-14.0401426163032,-12.14779845182,3.75812503215271,5.99805286472363,-3.89851364792843,-12.3075366284188,-19.5543587494991,-10.9064656310437,8.34239128082392,0.0129206792380533,0.392572695758796,2.56185312789479,-0.480436541951789,2.07616799952044,2.22883451464067,7.45733558482609,5.12204542479749,6.82682238149738,0.70956181689402,-9.24826562921773,4.5346633187432,"3"
"X1020_T4",51.4894916965945,-51.6969732605626,-7.18999026285784,-22.6686325559022,-24.3124255929794,-17.2769956835628,17.5251805512167,-2.41743708362988,-14.3796620217136,2.18005777359533,0.791363732344185,24.8232101404582,-14.4763387231617,12.4027376248329,2.87279170240983,-18.4866238494685,-38.3306223703247,-25.1850144876124,-60.5008801122593,20.1833790378952,68.7981613296199,5.62909648312333,-17.9806917864641,-18.4912408923446,5.09815969600115,39.1693638764484,-45.6554643841055,-25.4049434211938,-21.6753753425207,8.85875736015992,15.6141100956367,13.9131636003159,-17.926883304711,-1.86605514886804,-8.51181711826069,-19.959473321479,-6.70617653804608,3.26056625041886,-17.5130460401862,-22.2738379326084,-11.3155083428831,2.01106688267146,-0.905050186034518,-1.75846671210107,7.25466721884664,-0.410948690294995,1.08952107942085,0.409578858200098,4.9734847192924,9.12750846851337,4.65779941854879,-0.204347810760164,"1"
"X1097_T4",-75.9503804928306,-12.8625440719917,-5.15586858078616,-17.6750279097818,-33.8629550119246,-13.4843082458377,9.37923043282076,0.0931338014383346,-11.2864659077107,23.4522854453048,-4.84792210854058,15.2811297733181,1.76557920098483,3.60629166772219,4.44353397025677,-4.94442279899258,-37.0949717227804,-20.5648071885407,-55.2744251299762,-7.15400347190562,-26.2381588803952,23.2531395577362,45.1765914911598,39.1808159027193,29.7428414042042,-3.36883986115472,26.2642959429406,29.3045231203586,53.5875005043362,-37.4378361808979,17.2939210158308,-7.25886978429072,5.37133333390766,17.8941415732805,18.408524370595,18.0333865892919,-16.5795060288204,-7.60673613394679,-10.0478902370775,-4.66762487569473,-3.10907898395263,-9.95227235169245,14.4177853350348,5.55304323937191,-9.38757385802548,-0.531385494775995,5.1696273695295,7.75295162204479,0.601888048623621,8.77526465726527,-8.74189868987818,4.60777838944824,"3"
"X1016_T4",55.3432955622133,-37.3707886471662,-2.82224924173146,51.4745970378173,18.5127897290889,-24.7497308769302,-19.6519474985359,0.624070891159227,59.8862449305843,15.7540260777344,13.5546575692736,-63.1089379130369,-59.8784180697545,38.8993666355977,10.7757628495519,24.6954473214426,-54.058795061011,-32.31425866965,5.72204896179389,14.0064633701657,-28.1790421912955,20.6662811532081,-0.354807538708409,1.82301607490797,8.06365174316079,-11.8417521647762,-0.507723863593363,-24.8959619203746,-9.51668279857072,14.094950824664,-8.98184919974942,-8.5375095701446,0.337895652663409,7.05429302154604,5.51556797124182,6.09164633727635,2.18870295201992,-7.34826907637986,1.94525027675598,-2.79016823826509,4.71042039660741,-1.51461156584599,-9.96606393279005,-2.31373944125006,1.04056257212952,0.901453304020107,-1.79216199138343,-1.50337848973912,7.29801645983302,-0.730636251774014,4.40888007941388,-1.20004383168233,"1"
"X1115_T4",55.713032072276,-37.8985425662886,-1.31564505953212,45.4204585133985,37.4416724936448,-29.1049157767365,4.82049199948196,-58.4658245579322,7.16514854728119,5.31331004717466,-47.4620444995867,41.2815333931245,86.391473083608,2.29340594546741,-10.6728124349824,33.0381703740835,-18.9051751829963,-22.0713218810582,22.7213868078415,30.5033179051757,-13.2585568644846,26.9400091329673,17.9402915029271,-10.1332116279738,3.36170009154532,11.1224329382924,3.11131499127853,-13.1808870899126,-15.2204472316763,1.60478814032855,0.643661271714778,-10.512591690071,5.47897959843232,-2.02684313150529,3.36401764537964,4.92175397479067,3.18390752564162,-5.47411076141629,3.84214470510322,-7.12315342987753,-9.0398563158886,-3.02025434129611,-2.20490267828746,-1.84443720656324,1.2312384858953,5.07677198403732,0.324602167130604,0.552798854132395,-0.361319806787582,0.0300963780522568,4.94252711447132,-1.47200788313182,"1"
"X1121_T4",35.0134798920098,108.735581635899,-13.0543894606629,0.188321029431735,2.68132627601238,-19.1294368657894,-5.00052509555507,19.3263881847362,18.9168196618589,-12.6162708545324,-9.97126358578405,1.37498590500869,-3.58069655483815,-53.3500536199386,19.3592642681686,33.8217088430375,-24.8678846365379,1.30423449151027,-25.2274708022505,-13.810828165219,3.16062591819884,19.5189769783036,-3.26669644378815,-43.8478539203859,-49.7248417117517,-22.3279095447093,-19.9981720917735,29.5971957501855,-20.3425061771519,-67.5297137818285,-16.1943533006709,7.62668698124924,15.1088002136559,15.0202811895427,-6.39696334791398,-4.0382858835856,15.8723711550031,12.366918952345,3.92458618750279,9.03308574955869,3.16844576695729,1.44353562111465,6.69214162199418,-0.605702182231562,-10.3822033001979,-5.13503600264051,-4.69336015720187,-3.79455679883147,-1.33560092768866,-5.22405290134545,7.63893215976949,-7.98142280396751,"2"
"X1084_T4",52.0766505627265,-47.8460589020164,-7.1771730605933,1.22396555879551,-10.2444432232777,-27.0592707148638,4.8386600807587,1.69383113686414,-3.399120791268,-6.27341241347997,5.52956467046845,13.1858592336877,-6.18237592638247,-10.0698884647954,-6.2461058547395,-7.62538344973728,-14.1594875766023,12.7120392627902,1.13017295961847,-5.77760602175064,5.96850012853295,-7.80278635917877,5.79688562863057,-18.3256795406317,8.58886440837771,-9.14557057481944,2.47272125695729,1.55249962769992,27.3175000281685,-0.298394959850585,-13.4294661683011,-0.08128390378509,15.2003430863505,-57.1384849977962,4.97387266799175,11.3665486938897,-17.7123901437,-14.7013885684756,42.1285660901616,47.1506171758236,-1.33619696735708,11.381994735712,-19.1856231559953,10.7688301430364,68.8805652629868,-34.7465174584629,-17.6602941997007,-0.496107374995327,-7.20488030592823,11.2416693764417,4.93852554596831,-0.669543108811225,"1"
"X1076_T4",37.4660126038731,122.420722130089,-11.2237365771961,50.166400129333,-28.820928157402,30.1765448935414,-95.3510498341594,-61.7943752792139,-74.4915323706435,-4.44690593301367,21.9597033654243,-5.65303085396535,-5.95102741857696,-0.923696089349951,-2.17851684150521,-16.3803333285065,-19.396347620033,-18.7718100213752,-2.16230543400321,-6.26215993739702,-4.42537867667965,-11.692861903113,-2.02919110086579,-6.10282918774844,9.13188378944708,-11.9424810286447,2.67939669747088,-2.77588563629632,-5.8188629986794,-1.28743361133207,-12.049121118021,8.2240069592582,-3.46571675216515,-6.32370129544247,-0.109249012521439,-2.87428307797072,3.13612558874083,-0.537133488823162,4.29325433727553,-3.19518732878867,1.24452025557344,-10.1858970515475,0.536522363576137,-1.25617416849097,-2.30563104002554,1.30484175564112,-6.61332834288888,0.722346994918403,0.862347191364601,-4.62643283345331,6.96063146556595,-8.1517815838511,"2"
"X1019_T4",51.8030104304602,-50.2416897635934,-6.31055755495298,-16.9975716062487,-5.68210967726692,-30.4242916189301,0.803580610388113,-6.94392046286892,-4.11639863308331,-1.38239191192453,-1.00211431766093,10.7083609320172,-6.50512181002467,3.78450632485088,-1.44425006526378,-5.32012934051624,4.15906140289009,5.08803787514853,2.86582961169636,7.39500701569235,3.9482189278655,-19.087343606167,-5.19276313300455,-2.00759654499169,1.70847308360838,-6.63255831375985,-0.522446303729833,2.76912509056026,14.7847241255706,8.6838761850963,9.7726641359924,14.0620778534967,17.3059053684088,-21.8071287661545,11.7026042056917,8.01822836369895,-3.08984401887485,28.5852528689542,35.0229452139987,17.3489769978244,28.7737350698119,-3.66244998887344,1.27098958585039,-71.822976450006,-65.0184562258765,-3.05401988346253,29.5213645503887,-20.7995727357818,19.9095579324486,3.50149077143719,5.26005224808724,-0.717705194129035,"1"
"X1029_T4",-74.27033328602,-7.46138903459993,-4.11796239325208,7.93142807965324,-32.2349567652799,2.87531202267847,1.630142445564,8.0799237822358,3.3383411488915,3.67570335970779,-3.65281686256954,7.07384578901907,-0.823701309821485,2.06171743672945,0.645992746728407,6.62148108546417,12.9559806945893,-1.84902155143347,4.24406100311118,10.9060847023485,-8.6850713058588,24.3848281979311,-2.73167890510879,22.4099795755926,22.4712500100088,-12.5607832319256,-16.002035513816,-11.6782447563388,-0.664092847671047,-7.22770228717528,14.7243439104849,-3.44383550057587,39.4330015704772,-10.270795023841,-79.1235366047381,-60.5109535469738,6.27936483718978,-15.8456777412081,43.5036932423812,-10.8717777688664,33.2302636789104,-5.21898548129877,-9.18247905435242,10.1895721688731,-12.7407206773394,8.66043435554925,-11.9671938685312,10.7419186816841,-1.97764716725636,-11.4812354702528,-8.08532430372868,5.36924456833897,"3"
"X1148_T4",32.8237038417313,95.1420444344778,-10.8688316884993,-60.0417943887862,25.2458348196788,-22.0376673983891,9.99782244194179,-1.40756640289457,8.27278029031957,-12.3660185733297,9.27004620925869,-1.12173955586068,1.79394824843141,-9.25960574122318,8.68666021632328,-7.81949097764839,18.1998487615043,-6.6371576085621,1.75693377357374,8.36582371996131,4.047727474529,0.813086024644503,-1.24904027921228,8.15343230247312,5.87461754404441,-21.4965916143641,3.91320147989433,2.81346788426715,-2.51115674631606,2.03818175244204,5.01129745116583,-11.4070883877238,-15.0259327329007,-20.8004258479083,26.490624201441,4.44938744675952,-24.2491953659536,-9.59174068742357,17.9539820543602,-65.0990630107185,32.849492822877,-29.3063949858285,8.7732709656177,10.9087603099699,18.1665650413717,1.51592610088747,-45.7956845841932,-12.2449938110778,42.003082712167,-5.66596073664186,7.47482713541101,-7.55959893759515,"2"
"X1145_T4",52.9794480431113,-49.6898834380544,-5.17116845355044,-12.0749598933197,1.25633225189188,-35.1424912516856,-5.15448937771783,5.62598748286292,-16.1678844762814,0.320695915606896,1.76063608538407,14.49303654987,-3.16681120390498,8.80155650729191,4.58035325247144,-29.7595046257815,-11.63238856641,25.4472443504135,-6.16649831284183,2.97733414021628,-3.70506835790463,-16.8500382762533,-17.2606275030164,13.3303275671033,-17.8346037425227,-21.4036250615329,41.3162578390573,16.5158682242219,-51.9976812015157,20.1924620018509,42.5279051792437,27.4714288866412,33.3808685278682,56.1916710106813,-11.2896899587252,35.5178424509264,18.40504960396,-25.7948582506437,19.7853695555168,-5.23244440513337,0.37000927056162,-6.19896317850655,-4.39261492607681,15.7751111223502,15.3478584680576,7.55688656683603,1.68814002079807,-6.13606523866376,-13.6168497059289,3.56948809600351,4.18575715138415,-0.193426116561327,"1"
"X1003_T4",36.3377120406716,114.164930894099,-12.5285294277652,20.1459556590066,-13.7521857428046,-2.43429783197892,-37.2921207452756,65.9002140050391,32.4846189443719,45.8430884103114,-27.0194030540497,34.8396524681613,28.6291062075278,72.984992202982,24.5989484247576,-27.2571906449348,27.7670198742957,-23.7040104794875,7.36805011275449,-27.4413007384575,7.17436755950435,-20.6976011189706,1.52464870795213,-7.91463236766966,-5.96045151782613,3.28363658306305,-3.9800156244589,-14.3464904548422,2.55602210027426,-13.9345113922671,-11.0025242584935,7.51801639926494,8.15275080796569,-7.21572668972633,2.33574028544287,6.09315194906976,-0.87313033323424,-3.70642602881398,-3.00197137333327,2.74471008114372,-5.89892080369703,-9.40329207507024,6.0233824175045,-2.16846591492037,2.7363686379376,-2.17873898384031,1.58572765915092,-4.35602146446337,-4.67563296827952,-0.0352441762640827,7.62920627718395,-8.17993751736345,"2"
"X1038_T4",51.5176699278453,-50.8624419276589,-4.27359211643799,-22.6971246240338,-6.25143061865889,-20.3729993563862,8.62735277094415,-11.9161402159249,-13.1857244373723,-9.16795550120322,1.81899625511379,-10.1084249296011,-6.33952543701456,2.72633302621533,6.76053786809243,-2.86064258319411,7.71349819778984,-5.30384751621364,1.23210189381142,11.1729596545138,-5.50225712705841,-22.6947160245859,-36.1872476686461,-5.53685448850914,-19.570870911193,-20.0736291071526,24.2821978149382,-23.6480453806416,33.7931912771058,-13.4937548439384,-9.15938065615474,-30.0858757635551,55.563433765568,-45.4045221532066,-13.6114689718981,7.8020912886172,27.1421857409231,8.99855904267848,-45.6402771332793,-37.9910661268186,-27.5644141778583,10.69545040253,24.364875754225,26.3838470012422,-9.52070436034754,1.2618634236523,20.17844554737,1.40657596901893,-9.15203093372881,-5.04774932266049,4.19200393318877,-0.791381707040275,"1"
"X1106_T4",55.1803200060182,-38.7547643072377,-4.59850214746369,44.1524326944179,-7.08937953467456,-15.7053586074788,-14.2994311122184,29.4384926622988,-11.6087632343128,-6.64947617719698,-3.62280508389571,4.1744387874178,-7.56440996400339,-18.1088407653991,-18.5700856501938,-35.2874351534607,-18.6002388857993,66.5098158269243,47.2813769752095,-13.1308760153278,5.40525786092558,15.3155867294506,42.3526181380634,27.8240184149887,13.2913904770287,-3.0002155020246,-66.3059668107928,-14.8112372200922,-1.20051732360718,-16.7088796562105,1.05056570278111,-18.1277973708568,10.6139946816224,5.80756606681529,11.1557953330865,18.7199235785899,-1.06428989290771,11.4211416796534,-16.8367131225976,-27.7171185761064,-6.31850735257708,7.54488502053012,-4.41263731356419,4.48694207482934,-6.64582936047024,7.73434669636051,-1.40207868059161,1.18772781123184,2.38433505793559,-1.32419930243514,4.95820521937553,-0.965937965865758,"1"
"X1041_T4",-75.3728865163207,-16.2898895390391,-7.11147151117531,-30.5243992552226,-8.50488997179659,-34.3326482332466,-14.532495317593,32.7093648669414,-10.4972532789353,2.06483478827353,15.8094418357907,32.4879518403745,-7.59362498138717,-6.85137662390701,0.714641042668194,-27.6240495411441,-8.94386849860998,10.3200852634156,5.0359130570931,30.6262788262303,-28.9000539236635,16.6502756422776,14.274381924862,-24.0082841028508,9.35365051253574,-25.442687411981,37.0066940392272,-0.831919825860304,-47.6650307039307,6.57747304810229,-20.1713759964772,-44.5746641879981,-53.227055798278,-23.0867130888639,-13.9198616230459,-23.6855810294033,-2.22984477612549,7.72453551844228,-25.8050312372518,18.6678806643115,-7.5659870175768,-2.21731317492081,-3.85436439089614,-3.56558234280449,-9.13891773362437,10.424412635886,6.92036737407841,-2.98993838130711,-13.6628482763056,2.01356153261908,-8.90934862407039,4.79329552444334,"3"
"X1011_T4",54.6911218096106,-39.2547437570088,-4.09029973578217,42.046564897843,-17.2130394672689,-4.28860369020573,7.1700856867928,-13.4145780506679,-8.81077948780556,20.251038596841,-8.89270514186694,2.96855453188416,-2.23756489878089,-10.4855860111999,16.5811993764082,30.0234454466332,46.2798379835095,39.7412388545442,-75.6519784292142,-37.8174802651105,-36.6492321123486,5.55574310454909,14.2669314828031,19.596789379992,-31.3700771282419,-0.519258463383758,0.162019568569088,-49.5921738737372,-8.68762727722996,25.8529401949858,-18.0882607875199,-4.20134522900078,-22.6187472468541,-3.7727422538438,-0.500163648026819,4.06610416702658,-1.85760651784643,8.74494794419267,8.66579905210972,-9.08796012129113,10.307685386903,8.74701928935255,-5.34002383364105,0.7414593674026,4.97140458352737,-2.15814885218561,1.01110256961223,-4.40343871288491,-9.77650135561969,-1.50128094297147,4.1657574411872,-1.04295269068132,"1"
"X1025_T4",-72.2443806196626,4.80141685994189,-2.30176891721647,67.2065937640824,-10.2644537955143,15.590473286609,-13.4654488810374,19.1722383030511,4.89894241466824,-10.3071504456319,-11.1112077896295,16.998366489744,-26.389355727204,15.3688616322724,-50.258614759818,49.9573078709159,29.0693936846157,8.10299338559662,-13.3645700516772,67.9642767777705,55.0763367235691,-27.3724720032645,15.4195223900681,17.7376391763115,-18.6464022009296,-33.2610504286602,16.599436282703,4.82185724443649,6.29361949408741,-14.0199372444395,4.90513352743402,-5.90781925501698,-9.7503270206626,2.54879831379731,15.8579046511697,9.7958644298071,2.95577124474893,4.99883091912807,5.53855980742713,-1.94851313644522,-2.67703065189661,2.32259876000904,-8.39938059918066,9.19651923759459,2.99598420121263,9.03208040103204,-1.60451280259374,-1.64623432984298,4.02323854692026,4.40896301803075,-8.41647512036514,4.87747445531465,"3"
"X1092_T4",35.8040310568809,110.19214947725,-11.7513739070437,6.96312629970577,-4.40494938044759,9.41135509722973,-5.40929825329006,23.0941196815653,7.47396035787497,11.7961342555562,8.19685621015531,1.32615153105623,16.4980200882879,-22.9922632726077,-7.23691627454394,13.8739292411445,-10.4013036558966,-9.85726435042311,-3.4532661363177,-0.438238640029093,-16.9574435457627,-5.09717171092231,-3.52570934632249,4.71851261038384,-15.8150303012897,9.04114344086688,-19.1801947402168,23.8033735015691,23.7508742643764,54.1259488824143,72.7162050028153,-33.256067907117,-18.8353622882898,-14.4105716968783,-10.3001993478057,6.18719665259527,53.4075836394181,6.74467653331851,-21.8328261578823,13.9145934675572,16.1509863050678,14.1544828656044,-7.28139266176158,2.99687704810954,7.81228715961029,-8.90864400317913,0.225578975416388,11.3527311902714,19.1669046897925,3.33409170991124,7.15813938629524,-8.05575473781221,"2"
"X1013_T4",54.1758845357802,-40.3349936325476,-3.12654586108314,30.5557757786851,20.9492854737513,-22.1187354185667,5.75278637684612,-15.8901678700628,9.83129409542893,-5.53902696802547,-10.6000782086166,3.47385749819154,-5.41884179371657,12.7861041981686,-2.5232303280997,-12.1387068100207,8.92271642141783,4.90687651453327,5.57840482262868,-25.5052004995128,10.9244476883565,-12.0024264345788,6.49133330417686,-3.98580629333848,11.1571029124715,-2.59150205906225,16.7062832160034,62.4565098745434,33.6594876939665,6.95842621132624,-44.3437855346993,25.2367679574113,-36.0531460210861,17.1614421079933,-33.6800498324558,-29.6028981919459,29.2262659855365,7.16145837703447,-9.09694019636332,-42.4534175268988,5.19334273134718,10.8350261160241,-30.4339114463938,5.9965572585897,6.69131900366335,-7.62142684076679,13.0764015082352,-1.83017026751202,9.40223620652056,22.5779557286084,5.31110042111601,-0.232760550384331,"1"
"X1112_T4",-73.3585304314384,-7.11321432029291,-2.3436198498156,8.07859607842877,6.05879601425146,-7.00409758437935,3.56013093899611,-13.1756903628851,11.6969652935452,-4.17026249038929,-4.74329705112578,0.859326521464348,-9.93864861248836,8.3986217898274,12.0874428940194,-8.4955386089358,-4.75721077760755,-15.1265390378298,5.89322515693244,-10.5091040466783,0.663626038348926,1.07735056547995,-2.65133196099112,6.93113014704097,5.51264201386043,11.7429578969815,-5.36209220064022,22.561273015109,-7.21720491490689,12.5174394194392,12.9384930854856,10.1469697912393,-11.4872760315219,-16.8662348123754,-5.72687565073987,23.3842336547078,-0.471005881201901,97.9223862735457,42.9799592090936,-1.65311628681681,-18.7313133665204,6.43920217758128,22.7946693381785,36.8000186259837,-1.09633653493747,20.5568368301675,-19.8507681824475,-5.95762053663638,-29.249318990466,-16.5700067010309,-8.59433754417022,5.48868682243436,"3"
"X1012_T4",34.0803732569352,105.930172616611,-9.86041479835364,-14.0319926339151,3.61354231633628,-3.35003545810982,6.61113657881739,-4.48224972800688,7.60315441136035,-7.7786497945802,-1.10185811207958,-2.1037535352497,-1.38735270506648,-15.5509927048428,3.03676974071875,5.8364298098813,7.86633751243214,-8.270804612868,2.74572904191211,8.50867486010725,8.33120332787355,9.56200775065161,-16.6523473589619,14.1058511770281,29.5313737508032,-19.9453574333776,-2.51949268364402,-0.602041089274641,10.3273758714217,6.22254797122887,12.9062262152493,-10.4217361829667,1.30585199386913,9.62407058734106,9.15380074463896,0.649104449631042,-23.0154450332859,4.16489859577819,-16.2572656854694,-18.4174068739418,19.0334152269961,10.4106404835652,-25.1467052902305,-38.5877420634139,17.6862486131976,-5.80254976359528,18.4282501174999,-44.8947585157618,-75.6993991572298,2.08717114278786,7.39245305950265,-7.8623166743666,"2"
"X1085_T4",35.8363486598498,110.590204117497,-10.0793861530936,2.82405350355366,31.2131388893285,-14.6958685717366,-10.333426145332,-11.4093513638141,10.2894034843908,-23.3649612248074,9.14732926302106,-17.6258484744925,-18.0066555243375,-1.75799166266919,17.3748039936999,-25.5802356693211,18.3402942778705,19.4131134996604,-0.569670363815348,23.8427073875141,25.1023116074504,21.7760575029387,33.497120342537,27.2546062242881,-28.5869270147855,91.0012095847294,44.971935538191,-0.664851504445519,4.01818738046911,-8.01461112074465,-3.83505140780277,-21.6515004921342,18.5575913738356,0.325206085761141,-10.2379967008875,-12.4474943779039,-3.21196724551221,-4.26191433108984,4.39004448818505,16.6686286937066,-4.88293235679861,2.79823117541752,-1.98968761841311,-1.94536205398294,-3.39903578959191,-3.95863625558601,3.49472674875841,-5.84555124399258,-1.26193905401959,-6.6758060688036,6.72798709875425,-8.4017551891822,"2"
"X1141_T4",34.3335295495285,104.672684690274,-10.1992811797989,-21.0340430993306,10.7414995187451,-0.252194967553101,4.86667982627772,-2.3281397117484,6.81961811355362,-16.4585943627616,1.64906851276077,-9.12137846511355,7.69385225811292,-3.29403820343466,5.90204018016051,-1.00787533550589,20.9300771909824,-3.86203019869599,-2.28819224572252,-0.895175238737386,-3.90654034157837,10.036537735387,-7.78445515527702,9.27194889783325,12.2054202319235,-35.0146598188074,-6.35242134308685,-8.68813904481454,-11.4608706529161,18.0983712897999,9.18856665503371,-4.17820514138304,12.5617994158331,25.1993378024498,22.9808263445837,-34.1189818297334,-42.0623551239932,14.3490484465207,22.4715130293285,-2.44905625124119,-54.2168516303124,31.133851549596,-8.07639955287645,14.4853409624335,-8.47187882120669,-22.1534392804171,36.2939463326605,46.4800847517043,18.1334988597297,22.9208069579817,7.15773491410856,-8.00023518328223,"2"
"X1095_T4",-74.165246736132,-10.0965507991503,-4.4454032974626,-1.61228629143759,5.39570890343099,-7.11779331395713,0.451167827907334,19.0353447582117,-3.6536818297326,-8.79342211516789,4.74813337429012,12.4023782559466,3.56740133795492,-21.756595838278,-5.68241872058208,-1.56484190978757,-6.47181752406247,-12.8261236917484,-15.2080879758232,-13.3598593793703,15.8705643716777,-17.2994576823392,9.58031140585918,-24.7619106827439,19.4065713917849,3.91123206175391,-4.2496375375493,-4.40100941937127,18.225572378304,59.6415493172373,-55.3155770661952,-40.3702560675485,44.2095690633654,48.4689066291678,31.3029566635884,-17.045010423817,28.2485577116919,4.35486545979114,12.3086210987126,8.53904593705484,-1.39129177411507,-12.342247021446,9.42163283193595,-6.88026169195862,-0.52138014179771,13.7590267665721,-20.0627097971881,-5.98784273607791,0.637523134495168,-9.46854377201499,-8.76528626706957,4.37367495131603,"3"
"X1015_T4",53.5045587232795,-40.498004427265,-3.3519225288696,22.6909799450128,12.8527457076807,-9.81392752515605,9.35929182611053,3.55494060829644,-0.597101502645228,-4.12920036183005,6.86207250817811,5.16199929477267,-3.57788414554925,-0.50947514894755,-6.13218337372501,-12.9757851380449,2.77684976557831,2.52897753513361,-1.47604817089883,-3.68030065945399,-2.7290113739202,-6.03103858420992,6.87566562941761,2.22844179475423,-5.34859375022702,-11.0489964016352,12.1345030908964,17.0686793763149,-6.2575075035565,11.0911867359896,4.43192487389773,21.1570925537742,-20.5770882209179,-14.3605439539636,14.3962439470735,-17.995026606901,-16.4148994069833,2.00774142264978,-12.9956126810214,8.23787131666215,10.8923553198428,-16.0672282477127,15.5784277713612,10.0379800658488,-14.8898938515843,-23.8317244574686,26.0915822442111,16.8834809210389,17.9464796476745,-63.2647958558798,5.28750644027858,-1.11702690673887,"1"
"X1149_T4",54.1968743817183,-40.023398348397,-2.17710628278787,34.2344899262194,22.1392391959115,-14.0821750140879,-10.5551754466355,6.60427174961375,11.564599287768,-6.02894249421008,11.2289404380242,-0.293599508622568,7.0774813803613,-13.332803149753,-9.41158562477144,-12.7569109426457,-1.73024606487193,-0.244303381910592,-8.04515625328325,-18.4265085590066,10.7959582717047,-8.21280946623818,-11.3455982425804,-13.0510169603715,-5.07113749887762,-7.34021312059626,5.70842427673369,8.10823847495929,22.2133888826549,6.6665561859757,20.0018617576719,6.68368379954423,-10.1089232406701,-11.5669197554969,9.92000723359924,-18.5491670576138,-30.9709855403714,-47.0951578740771,1.75110307911307,20.5843372846316,-6.90844460587166,34.7965698465804,24.8639470766548,13.4475694023288,-46.5341424118626,42.1372286083257,-46.9564423365499,0.444727057419885,-12.0423134485316,10.5196806553484,4.68878861231271,-1.2529205180143,"1"
"X1123_T4",-72.1630048689654,0.764260049863394,-3.22365773225975,46.7735485034699,-7.11821651584685,-3.95202247596304,-8.21789338580771,6.1949799965262,-9.27044889564339,-11.3029914328226,-24.9130434276822,24.6301375960895,-29.51004184562,6.24794661370882,3.42457874703592,10.4666975086535,22.5477738520537,32.5238388940583,3.30112832930987,-4.83901422418455,-22.3463424434025,43.2290942555557,-83.1453302913383,-34.0412922964742,43.0721473475667,39.1362915110394,11.0886885814212,7.680617647968,8.38488040481623,-16.8080709835642,12.2490469543913,-6.55376718203245,-4.09164580594954,7.61955699379091,26.9434063131893,14.0637019173833,2.23065488062001,-6.75936980404208,-0.0435646498964529,-5.73605304275036,5.29447657433206,9.40426047004017,-3.75509443177164,0.602370144877538,3.16604265855703,1.51193273163114,2.68233459781541,1.31661946124225,21.6195603004575,-2.92970176118348,-9.07690292591437,4.70254713589376,"3"
"X1117_T4",-75.2891725253762,-12.0454638724144,-1.86778392556349,-24.382601054795,11.3716421489119,-1.007487082261,1.59145029064384,-24.8108644448315,-13.5412614800205,21.0799946959292,10.8178255801646,10.6855958988347,-17.0572128462675,25.1179940275489,24.8757801163415,-21.7902303046748,22.0514380550171,8.66407817735249,9.34655749817726,62.8596702784566,-41.6556999848573,12.8643058007063,4.1214767241601,-24.3802255230852,-56.9970529498159,-2.30426684758517,-58.6232729862478,22.0903773319089,37.2773633143836,17.085969295833,-8.4629291533127,20.9834829320134,-0.0412683907969893,17.7033729086962,10.3347740000998,-3.63232941857712,-9.9097777478805,-17.0443758889126,0.369723515026884,1.09772969525369,0.39455829021975,0.352324307602481,6.83780584533839,1.68707636142721,8.43862812196168,1.7049923118061,2.01425734046483,0.276797799638787,-15.8507393818666,-3.57126854844482,-8.26476427416379,4.91128239419991,"3"
"X1140_T4",-71.9429058922438,-1.29631521676057,-0.305174433000433,34.2963327696469,9.269172142897,13.2728192410193,12.2063557359154,3.38321085140214,6.00648383129487,-3.54686373173573,8.96700777870041,1.60584224262519,-0.509893098343903,-7.03612742279004,-12.7025088624722,-7.66502047601116,-10.7003902893968,-9.56127637738894,-1.49438710425459,-11.5963197360666,3.96746501472329,-3.62677323822911,-4.56564788532289,-3.65650780529819,2.81476235244173,4.33540871758318,-6.19098249917951,6.45348650629237,4.13211840208865,0.89981149706479,7.34787007739244,9.24205494131889,5.95150613730672,-7.2228665484763,-15.5305175170076,1.74398341067473,-16.3257714493613,-12.1637761898743,-9.726455184111,7.70844288735139,-7.31771669253574,-3.62675046222244,3.05277925603495,-0.129373450496177,2.9526787669012,-21.3597458641066,18.0840129981172,8.67070341626376,-32.3952069784159,-2.86636946027129,-8.64770560725734,4.98632107837469,"3"
"X1072_T4",51.7481999384338,-49.602969262757,-4.36855838411067,-15.6950481440423,-2.03032176086153,-10.1477002304265,-2.34039287324563,-3.92939246130977,-5.07151703931935,-12.6873605365481,-6.28396264564849,-8.98928439509694,-5.41439932999992,16.0717864050328,2.88599610509681,3.24092520680338,12.0550108802961,11.2594544558502,7.19992157346786,4.59438829968565,2.84533140933599,-0.39668820566391,-5.06087724451814,5.50455591411546,6.54016989021087,-5.47697372696234,3.1018970246221,1.20638865918553,1.93318811048359,-14.8163699438026,9.79964744463054,-3.18418220269729,-7.03465944648826,12.6695870324431,0.712841574156916,-10.8944316239526,27.4260867219555,19.1415065047792,-9.50444857057082,15.6234695462772,-10.3351950064147,-33.7604780771643,9.14964759633847,-42.0115361690787,2.25440124618446,-43.8668613772133,-47.5335424769289,60.0316542220039,-20.5169458761271,25.7129328318222,4.88836135990838,0.291311112808428,"1"
"X1017_T4",-74.1605653985931,-12.7626409861022,-3.01359938839748,-19.9001130710268,31.1331568817756,-6.4994359656706,-4.22540550517985,9.54101161340942,-1.57575225731999,-6.2215496259901,15.577908535547,1.11221536279298,13.9486544974892,-19.6071510463485,-2.73009200113088,-15.5523581634208,-21.7417116695402,-4.41924333932577,17.9628677500422,-3.41661193103547,-4.57165383741006,-29.0975854927558,-8.44732177303707,-7.23788759522012,-13.4055515973606,2.88767208744627,17.1573949753095,-78.5370634045596,44.1589311638085,-38.3478020065835,18.5468314829278,16.2392820497525,-45.1664800739894,31.8114632316834,5.37313315204274,-11.6184639414083,27.8394454874483,2.9456167246942,30.5386482175768,-8.74406549643292,3.7610590850145,5.79513688493266,-11.3166601978511,0.783758417535281,7.13830666251241,-4.50158971165464,9.05633765696827,2.43321108358999,-3.67565988688035,-17.6627763423038,-8.99340218978324,5.69787351907107,"3"
"X1047_T4",-76.2073028310847,-15.2593646913447,-3.57159752476335,-43.8971825818242,4.12070506856086,-0.523016261510353,-22.2458215612727,14.4644997794026,-29.7980330603252,24.200418466045,-110.326102937073,-79.2673757338027,5.14764652979552,-14.0310610933099,-9.40830810009107,-14.0335267193286,-7.3140305562069,9.07241432358802,-2.17227972699017,1.01697082098202,18.5417437583937,6.39899066663922,4.15274730582507,-12.1673873993965,-8.3056588996853,-4.64811451279436,8.62614165154875,0.953442226498051,0.744693931554387,17.5282347869665,2.55756226931406,8.84908001654597,-6.15751990358714,-11.753599138943,2.35860537931193,-4.40419539203701,-6.88050338901273,-5.68451125096003,-1.78859803070876,2.3216702648647,6.35260161943099,2.94704599455667,-2.85535877507278,1.13747870833033,1.08153399713463,0.961985746041899,2.82777863659915,1.52441082338138,-1.63192153501051,-4.07966398942506,-9.61730543475156,4.89489947968991,"3"
"X1131_T4",-74.0647355994904,-10.5686013771706,-1.80084591643525,-14.7867383354181,-0.171475333518562,11.2127421598103,5.56093783971766,-1.46326075474365,-0.538892280933213,6.7515194375058,8.11187406081432,-4.09851617035913,2.63134764758389,-0.569987811628683,-0.440664082913476,4.15992307071731,6.86800417999803,-6.40525715005472,-3.63822928670079,-7.81796693650605,-13.4485344237532,-8.70453045901555,1.06340316927382,5.47055345119894,-6.5124343093741,3.21655057636684,0.914737648742012,7.28437664666371,-3.74898768194583,-1.71389253296525,4.49099539788792,6.61565337055728,2.4212153152036,-7.77373115200275,-20.8206001364471,20.9523447430589,-4.84237722141153,-8.40337213236781,-7.99658714139955,-13.6942829885626,-73.8703431885056,19.2441005210644,-62.2580710359946,-39.9654503129445,-16.7037419296772,-1.90064634473753,-49.6659511099941,-16.5932356691954,19.0810410250052,-29.0302487086683,-8.58392976549209,4.00842255551598,"3"
"X1030_T4",-74.0387628768556,-10.7158984321062,-1.88851906668,-22.5766266058686,23.5179242246788,-0.83761809781965,4.27660879905227,-14.023686982682,6.06137055402586,5.86453918720985,9.56536280749742,-0.0290278640894575,-5.68026585671204,1.74333716290745,-3.83431167204817,-6.9204845278193,16.4369731133481,-16.5440153834379,-11.2839090992084,-9.58866474051405,-5.96369463095269,-3.43383624510563,13.398861158647,28.9104965407191,17.9820531942958,5.73825367268863,-17.2732457377654,9.72641299035876,-44.6786709218162,-20.6812572023717,-3.65360941914018,32.3057612761029,19.6799866632666,-39.8751801505345,63.3123840139813,-23.0793447016256,61.5129863515848,-19.1925914757359,-7.02130351089356,4.5208998025153,13.6152530877353,25.3666751014904,-21.5459176408163,6.27101045222776,0.198147804473026,5.02098995746532,5.53354453019861,7.62619142087801,-12.4495618752454,-7.82391773727016,-9.32685010396603,5.25600870844273,"3"
"X1124_T4",-71.9438145437832,-2.74407095305825,-0.935890849033347,29.9013625349208,16.6603138670809,4.58884296621082,0.767665340035092,13.336149697948,8.07194724169645,-20.0947494430556,7.80529986041645,-7.36087965975896,-3.2439053972847,-18.6103579169947,-10.8998479029579,4.05287406112225,1.55395320665805,-4.18958193119803,-5.19636811178416,-20.1076150139102,-11.7851848353825,-5.39836209636837,2.41082132383636,-1.5640038898032,-15.6496752021097,11.6774783625332,-5.57651004948716,8.07415064722673,-9.4760629268548,6.85725400110328,5.50957613817719,9.25352510030173,1.38837478577221,-29.9635834705531,-9.21627460522949,7.78295012902317,-5.0733050324047,-18.6995922797721,11.8424706030857,-25.3649282220125,-28.3258437943641,-59.7341701623027,27.7992184267089,-46.823939017929,33.546039847886,42.2428682275616,30.8506931997082,22.1923961526232,3.27714707164718,16.8310399142719,-8.01096856718775,4.6757704075242,"3"
"X1058_T4",51.3561786972932,-45.7780966763679,-1.54471941586578,-7.39781842134749,-6.60937467128713,13.1121925647003,3.58405467547383,-5.13659062374097,-6.21298979411624,6.39937851597341,-3.29298008304109,-10.7689230195343,1.56858041541452,6.9889612862351,-4.62743385657749,3.70686955194708,12.5966048561216,3.46652866324884,6.5776342576604,-1.57448379495203,-7.77389949179269,9.0950347268919,-5.10877378756217,21.828751908609,11.5217335037937,-12.561605198746,-5.52962850190145,1.95966823475181,2.67267283244061,-17.4223347509511,18.7180849938269,3.49794923811525,-0.244226748615007,18.812384016498,5.65668125432348,-52.6737805096662,13.6860356136153,12.5477737397599,-8.8703026843826,36.9284718729838,-39.0211657317267,-15.3023738606021,33.0908100719975,-5.10323401279298,39.4295908208303,11.6383834916296,5.70833752541262,-66.3165865209667,34.0486739872865,-9.32573931256323,4.46129824851192,-0.891241616673878,"1"
"X1133_T4",51.7554605880482,-56.6529154481232,-7.83449714126339,-49.071572707263,-23.8166229281102,-16.7276069429579,-32.4481984579236,17.4926573576925,-6.70244062769397,-9.91342815255243,17.2041997090092,-12.1501151169098,-9.62329403777141,-13.3166261950384,7.7253852932136,57.3567252985104,43.5138405461286,-12.6167777105748,18.5193884176313,3.03019928191278,-10.9493340298096,-17.706695352125,56.0776128977168,-54.9884837343406,43.6040517244846,31.9258146040889,-0.796337469330937,-4.14717253301976,-1.40780328722635,1.90939633797753,23.6499372690421,30.2347754280166,4.20529594576829,10.6401670015079,-7.62378134270155,9.58751320764436,-7.55462080628625,-4.55486891576237,-10.9684089361741,-10.0019558059391,-3.94391271947766,1.10361725845323,5.4939418465415,18.2666249739502,-0.987114797281427,1.69229398445837,9.2360615887398,0.775483853138986,-8.40498216083916,-3.56566121512057,3.96044975412681,-1.21434872835464,"1"
"X1137_T4",51.4136336662339,-49.5456598553104,-3.06104567298882,-22.3909472701176,1.09220971156915,10.7972498512233,0.533651658952024,-3.00017964905103,-2.99026879115098,-5.28884597694794,2.54869428527588,-1.68783548958031,10.1297042713824,3.86411334561371,0.668055840133192,-1.23657681490032,3.77076174745649,-9.57171476056505,-4.2457111822869,-6.15538831761572,-1.67557250943113,-11.9031682871533,-17.7392685721692,1.68600869598611,-10.0060556613032,4.63406574497455,-6.87428012217396,3.09913642634963,8.00207751344098,-15.3774896915273,0.554167591207752,-17.3356434781727,15.981097878005,10.4713636613444,7.41040741296521,0.890153950910488,-30.0188775918367,25.0833993650019,-23.1497462812596,31.8831770754425,24.9667736474913,-45.4738558684239,-77.2188303368489,23.2116294504826,5.08548416103245,45.5619073611429,9.09967588212455,28.0368928587503,9.17305432108346,-18.6799946115787,4.7006497622657,-1.17691683358626,"1"
"X1080_T4",-72.6119511723816,-5.65297133144858,-2.42281318007767,13.1394478355064,8.92716097127201,6.63543733110575,6.54096422070749,8.80568179648348,-4.97913318518243,-2.00883883529286,8.55891563972168,1.43209954874103,5.58845653215833,-8.21825169532035,-11.3550153975747,-3.09763754828646,-5.35009263308057,-10.4951501685425,-4.52634995689453,-2.45385170112124,0.456280460009678,-0.0967294788109153,2.37348072388937,-7.50608206687782,-0.872283050515613,1.87313912028651,-9.67482106677271,-2.45620292545507,-14.7886900837799,8.51190353029955,-9.7049628125887,-1.21795246099532,13.1217251732936,1.65071282045739,-18.0229257522569,26.7347824630206,-9.97672884104537,-7.61508044850114,-3.20738452106717,2.96289590809577,2.51935617436272,-21.5585529123302,-6.68335365768662,20.9579826933526,-18.2664012678354,-70.3605790505434,8.60473038658374,-37.7229994735833,28.3744592960669,-8.46586505830097,-8.86292911628389,4.19549028074556,"3"
"X1057_T4",-71.7705237007886,-5.33176961750145,0.918435607473232,3.66553752257898,28.3945139643691,8.44791274070339,6.82212964463704,-20.3056403646363,3.02125304527996,8.72980807342795,-0.370568068361282,-2.09390185521733,-2.70447371273734,1.23748119165391,-4.38274077910133,1.67588902183475,21.8351501332461,0.22774255224842,4.29183691339742,-5.57628926592668,0.622572146288414,-3.74791762373934,-10.6159908982693,13.6891106611596,6.91512282194465,2.30637036474227,-6.03786706580834,-17.5061948963288,-11.6147184763672,-3.58435861161086,1.82996811047752,3.03958843979984,2.06957621284953,9.5029476941963,0.860880435433992,2.25079135861556,-6.29608385100101,6.05792766437891,-31.5938764066074,10.2198418949011,14.7009628791424,-31.0442651388963,23.4474236332325,15.346552234765,-21.6123302020803,-30.0991744081442,-34.4947773256512,3.26590387774782,-11.0042537748032,20.0454553826996,-9.4048677745744,4.35014781805191,"3"
"X1135_T4",51.8504743625266,-55.6220240853536,-7.39205133387762,-44.7668702649709,-21.5288913379093,4.16338892845181,-28.7166262932605,55.1881519046829,-24.54635917534,-16.9109251837002,7.81891963373068,11.7189196841191,16.7461635917792,-14.2317590941038,-16.5248751127521,38.8678633482841,-16.8864686177409,-29.2343016238825,25.2954013956585,8.18794539729209,-14.8834711183724,23.3779149507952,-37.8047479554358,65.4040405532225,-27.9101982202329,27.248810103815,1.84181589011842,6.28154738322626,1.21347343657201,15.6953994531563,-44.0013587544494,28.8638552198857,-9.33057564526892,1.52135886210386,4.01881713837103,3.69954462607768,-11.3842658758267,0.447273162560923,-0.238454599849169,-3.08091012065064,4.96891482738531,15.4086427768163,11.4709181935032,0.473101965165312,1.0482736751971,-5.48951767114855,-5.74207877560112,4.2831471244411,-4.69357481161947,2.35753473290944,3.77331469728689,-0.573797298847012,"1"
"X1066_T4",53.370792475747,-47.9024802360523,-2.15712301963078,-9.77772838512414,-8.99596805725691,39.4732579880131,25.6659503359457,0.311618640354338,-19.188922827244,55.4842988699676,37.7578589718556,-9.83227392866084,-3.13124973456202,4.52653481081389,-43.6319624934154,-14.4221427139872,24.9363320714389,-24.893623214283,22.0149025740628,-23.5154046604563,32.0196973633678,76.3256086915941,11.6959667640668,-33.0414675632418,-25.3156553834915,-10.7142936080431,25.9279906498286,-2.34072540705277,-0.329025980729325,-4.09997857670356,3.70037710107501,-11.8462638434198,3.66028958071939,4.22234264061045,9.34923636080857,12.9201574520508,11.9565020956285,5.31732940165862,18.5452126164425,-13.5191630569827,4.95747433092184,5.96695724732775,-1.04201474195632,-7.07845395786145,0.00496004495249851,2.32175532561766,4.1177967701797,7.70853466908179,-3.41771964063064,1.36063058833897,4.10157215244976,-1.57434303200992,"1"
"X1114_T4",53.6209985348399,-36.3172772323929,0.357744827127185,38.6837248327084,21.1437389423019,13.1468499909755,5.0024033807401,2.21191661487867,0.775332074096227,-8.55622040384656,0.969947109457384,-7.34114362707405,3.04027615320574,-0.948369589942401,-8.07424969507637,-5.0724864455277,2.9936260438253,-3.55575491711174,-2.4155681685695,-8.04890493052528,6.46243022101965,-4.25782059746405,-5.85602081063362,2.13675732257022,-0.68090391751354,-1.23440609919062,-4.53571547167253,10.2788251547772,7.94174268448444,-1.43223690319689,9.45507882657869,-1.38842875255732,-2.9245355193441,4.23149427865329,-2.94624898348743,-6.30270420764298,-12.1710400556861,-4.75087740731461,-12.8146360265726,11.1601830934882,7.29495996419158,0.0435977709156244,7.31669973143362,4.6183078646318,1.80763234192444,-9.72596580792052,5.11385246084418,-3.37376788606122,-1.28198254938909,-10.6374749166971,4.6099148014686,-0.445417088830314,"1"
"X1127_T4",-72.5776698947255,-6.91514332759671,-1.17924548791343,0.584164056865545,23.2097060333957,3.47608315839282,-1.06909043819012,-8.44903929049251,-1.77817940232051,1.45845259987194,6.95491952806645,1.92111666896449,4.7746846132741,7.86676446216783,-3.53003829944944,-8.79026127871833,2.16730308134939,-9.06377953005553,-5.39139648395634,-0.218340223269121,-2.53527673733528,-16.6584039584226,9.32406452760705,-2.29922065993448,5.86937778239332,-4.49809575815638,4.57767445110857,-5.03652709560951,-15.8152284303787,-11.263795962349,-8.0288927794905,0.899375793790191,19.6867269191078,17.4925365871828,-27.860169825067,17.5622768590463,-24.5205450209179,22.5117666414703,-31.3560345859034,5.48720362731923,40.8436834823616,69.1670933091575,28.7214577640144,-39.587741582557,43.462475945878,9.81896216403595,-4.78355911284812,26.7406342533733,35.4667070287631,-14.396059196207,-7.78657851286271,5.12536132104863,"3"
"X1090_T4",51.3750059264081,-52.2008904030961,-2.58804210713383,-38.3861165131647,9.22385852063138,20.2568647943359,0.370809941014542,-11.1382444502458,-7.53903709216577,8.3548252516136,-3.8858549853151,-17.6182495365064,2.4149455872569,15.5690045784314,-0.051006486369576,4.9770085443999,11.5434984615977,-9.33926823688279,-8.08166267144923,1.6638619282526,-1.64163686559461,-38.3910733328025,-13.9427846787385,12.4878312057405,14.9173724715098,16.5309219925973,-32.9005152053628,28.3691564250118,-19.378334709956,-32.0077321994523,-13.7770712102837,-73.1692262246481,-31.5103689075925,11.2233654182817,-10.7052479229784,26.0591977235721,8.74996686389518,-33.0374948586186,47.0691605618249,0.753223472444279,-5.72625359588331,12.4524821894425,16.6744473432377,2.86598010508276,-7.85893611102819,-4.69918875511635,22.0251363576854,7.3399928148845,-8.25185621949886,-12.007574699659,4.49504354149629,0.204784699762747,"1"
"X1147_T4",-69.870626150972,-2.1332688175438,0.579506437942768,27.7111735931585,36.881918378481,18.0433820319463,9.6046312152523,12.5876711649435,4.29613621733578,-7.7805492261619,10.8385414630954,-4.8967521509477,9.92464112073154,-12.5974640782852,-14.9320373500588,-3.02112282164658,0.274799325006335,-9.24774104333269,1.56428379053666,-17.3683369701513,0.972373531816979,-6.82490839668754,-6.48141398705658,-0.943706148595684,4.25849999557317,4.43743228962034,-1.40254039996915,1.87428011107558,-5.8479350127082,7.86446042595167,0.263422275210227,5.87270562788204,-0.114321175962845,2.37364624565609,-4.85223372465131,-3.84394616580795,-15.2395454490796,-8.92709453242823,-5.723272262237,-6.79767347471702,0.249053669543645,-6.92261694112644,2.87773335052067,6.82823096661997,-2.34213129705265,-4.82082696519226,12.9554098220398,0.0103316417173285,-25.9061729360608,-13.422104274008,-8.31559229114392,4.37973396197306,"3"
"X1104_T4",52.5281547235974,-55.0579315113536,-3.11193435012293,-57.6136046392346,-12.9753714733023,98.6184623027246,-34.4511020548151,-24.1813040945557,75.2788004773827,-22.9580379213119,-34.3141837611052,46.3943080664986,-24.4042367710447,-19.4772729918495,-4.02978272322034,-21.8087425081378,-16.8632005104152,14.8477418305025,-4.63831859086202,3.53885046103179,-9.87575323592745,3.89993345976957,10.6910666107971,-6.92385037893316,-0.557925623328703,-4.02710862555647,13.9244500618626,-7.3447885930843,1.6812119151564,10.9802893374491,-1.91758926774788,6.14100187316882,3.47609569184371,-3.14434075966523,-0.322459328387038,4.574335159337,3.42669138003792,-3.46686874313513,-0.57829616688389,-8.043490786404,0.465390998994875,1.92637477478689,5.12624990794823,0.506249599776607,-2.76340319571839,-4.3960535010474,1.49097893864179,0.816121156823397,0.570960791787596,-0.259702502869967,5.5588710095018,0.100067586916632,"1"
"X1067_T4",-73.1123525874455,-9.04720325452795,-0.87327478281953,-8.37637330114159,22.2982257856444,2.96055813354964,-7.79821172456835,0.0468425851653799,-3.97203797477405,-2.74045512291719,9.62866369824695,-0.986267291615698,0.662606100104334,-7.7838409521151,-0.659225748760789,-10.5569444425858,2.79040488620213,-11.1795800966114,2.77337839035203,-3.35021370012438,-8.07923409673676,-3.35394043052273,3.05641139802818,2.7363964163691,-5.34012919321818,4.68818563812174,-5.49977057197701,-12.8772666434246,-4.37503289130716,-4.33318299635383,-2.55274603714923,5.28301852349898,0.239581477012451,-8.75906205598832,-7.76555599738366,14.7867601659117,1.68162019082923,7.52934793508824,3.43837881809692,14.522529740038,6.56471657438743,5.18853672352543,-15.7762463510063,20.6678407471366,-11.7573179922224,9.62897661231319,21.8423009439404,-16.8124561824033,28.7325882163741,87.8835590347608,-9.25233638115006,5.13054390363355,"3"
"X1088_T4",-75.2245570131172,-15.28886519652,-0.944516994225252,-45.7400741205651,27.6859471077875,25.2430114735619,-24.5276204999073,-1.32945632462433,-0.650348354076648,-2.47669553177425,42.8285548141437,-14.4638531095995,46.0889246984587,52.9708312347725,36.7143284249984,47.7726561306393,-37.1547788684635,72.4794821493485,-8.36280806060167,-13.9392210990882,38.0656772107161,18.5552818544965,-2.96931080931051,-5.80211899446188,3.76485236061414,-12.3493571065418,5.22660393457037,9.26499712593222,7.05357914704645,10.0646587013699,0.900479279448638,0.138469368167555,0.729796221179468,-13.6584441010835,1.38088340506881,-3.16125200578859,1.08252398879961,-0.864974784180763,-2.25188661305151,-1.58255693815898,3.53617786244467,-0.629835170700706,2.37418666476523,1.03715289081758,-3.1359898231413,1.94114305103393,8.82828393294693,-3.58759439321217,-1.89192537767034,-1.81377004326934,-8.04196036825106,4.16167837812628,"3"
"X1068_T4",51.7180069204909,-46.4156936422227,-0.854162644194037,-12.7834627889551,17.1434809980736,16.492190079549,2.86840006206769,-8.05797893688646,3.16559474008467,-2.745563452602,6.06230826194403,-16.9186150551943,7.28496169264945,-0.54694598164019,-1.29654351310664,-2.36391533097185,20.4227272277286,-8.14632050091251,-0.613073056644164,-10.7775484397369,-4.83951520168986,-9.04332748555663,-5.7299986052832,0.27622430544686,-4.73485596377822,-4.61552147933359,-6.9402668822107,4.75703805723721,-9.85492279407636,-15.3589084041162,1.35324882186869,-9.47499495162343,-8.09545618819737,7.3937129575543,-12.1436918200625,-1.03341173380203,-11.9013839749152,8.64584623615465,-20.205550115786,12.4965902584739,13.694461998702,-1.34222207363153,3.72953918146201,-2.2476306946386,1.65286583320551,12.7146816839419,-19.9592359702453,-28.8394283595124,-10.1282005867648,25.1235726515796,3.6794715351499,-0.959237532419239,"1"
"X1113_T4",16.0901994249816,32.2368493681787,265.850429867406,-5.93713623456616,-7.39168970176131,-5.05967183972634,-1.93127759138029,1.90694003887223,0.000693397289271421,-0.465445386053573,-0.193085271738071,1.4125835317572,-0.569655690665047,-0.836846345500179,0.11178409046253,0.154405438658951,-0.950372658839757,0.058452102164646,-0.307111352173659,0.208262351516396,0.286390678654659,-0.023175191430483,0.484361489037607,-0.915706421172581,-0.167836011356243,0.48501434199467,0.268056232955177,-0.245207830284937,0.0514738280676,0.473775706816615,-0.613035012194755,-0.0565267806945188,-0.362536875869111,-0.318352350274697,0.264506308012102,0.0552775721377612,0.613552761865124,0.116911739932726,0.82957861678078,-0.012817231160557,0.394758491082956,0.385216266947881,-0.378100103433851,-0.0744610799197653,0.0627752896777525,-0.525533977879613,0.111337141100053,0.551169777305168,0.212494360765679,-0.340880177637453,5.71068266793236,-1.66944076847704,"2"
